AccountName,Password,Amount,payname,paybank
IQ10126,welcome,100,name1,boi
IQ10129,welcome,1000,name2,sbi
IQ10133,welcome,10000,name3,icici
IQ10136,welcome,100000,name4,statebank
IQ10141,welcome,1000,name5,yesbank
IQ10144,welcome,10000,name6,boi
IQ10146,welcome,100000,name7,sbi
IQ10309,welcome,100,name8,boi
IQ10311,welcome,1000,name9,sbi
IQ10313,welcome,10000,name10,icici
IQ10315,welcome,100000,name11,statebank
IQ10317,welcome,1000,name12,yesbank
IQ10319,welcome,10000,name13,boi
IQ10321,welcome,100000,name14,sbi
IQ10323,welcome,100,name15,boi
IQ10325,welcome,1000,name16,sbi
IQ10327,welcome,10000,name17,boi
IQ10329,welcome,100000,name18,sbi
IQ10331,welcome,1000,name19,icici
IQ10333,welcome,10000,name20,statebank
IQ10335,welcome,100000,name21,yesbank
IQ10337,welcome,100,name22,boi
IQ10339,welcome,1000,name23,sbi
IQ10341,welcome,10000,name24,boi
IQ10343,welcome,100000,name25,sbi
IQ10345,welcome,1000,name26,icici
IQ10347,welcome,10000,name27,statebank
IQ10349,welcome,100000,name28,yesbank
IQ10351,welcome,100,name29,boi
IQ10353,welcome,1000,name30,sbi
IQ10355,welcome,10000,name31,boi
IQ10359,welcome,100000,name32,sbi
IQ10361,welcome,1000,name33,boi
IQ10363,welcome,10000,name34,sbi
IQ10365,welcome,100000,name35,icici
IQ10367,welcome,100,name36,statebank
IQ10369,welcome,1000,name37,yesbank
IQ10371,welcome,10000,name38,boi
IQ10373,welcome,100000,name39,sbi
IQ10375,welcome,1000,name40,boi
IQ10377,welcome,10000,name41,sbi
IQ10379,welcome,100000,name42,icici
IQ10381,welcome,100,name43,statebank
IQ10383,welcome,1000,name44,yesbank
IQ10385,welcome,10000,name45,boi
IQ10387,welcome,100000,name46,sbi
IQ10389,welcome,1000,name47,boi
IQ10391,welcome,10000,name48,sbi
IQ10393,welcome,100000,name49,boi
IQ10395,welcome,100,name50,sbi
IQ10397,welcome,1000,name51,icici
IQ10399,welcome,10000,name52,statebank
IQ10401,welcome,100000,name53,yesbank
IQ10403,welcome,1000,name54,boi
IQ10405,welcome,10000,name55,sbi
IQ10407,welcome,100000,name56,boi
IQ10409,welcome,100,name57,sbi
IQ10411,welcome,1000,name58,icici
IQ10413,welcome,10000,name59,statebank
IQ10415,welcome,100000,name60,yesbank
IQ10417,welcome,1000,name61,boi
IQ10419,welcome,10000,name62,sbi
IQ10421,welcome,100000,name63,boi
IQ10423,welcome,100,name64,sbi
IQ10425,welcome,1000,name65,boi
IQ10427,welcome,10000,name66,sbi
IQ10429,welcome,100000,name67,icici
IQ10431,welcome,1000,name68,statebank
IQ10433,welcome,10000,name69,yesbank
IQ10435,welcome,100000,name70,boi
IQ10437,welcome,100,name71,sbi
IQ10439,welcome,1000,name72,boi
IQ10441,welcome,10000,name73,sbi
IQ10443,welcome,100000,name74,icici
IQ10445,welcome,1000,name75,statebank
IQ10446,welcome,10000,name76,yesbank
IQ10449,welcome,100000,name77,boi
IQ10451,welcome,100,name78,sbi
IQ10453,welcome,1000,name79,boi
IQ10455,welcome,10000,name80,sbi
IQ10457,welcome,100000,name81,boi
IQ10459,welcome,1000,name82,sbi
IQ10461,welcome,10000,name83,icici
IQ10463,welcome,100000,name84,statebank
IQ10465,welcome,100,name85,yesbank
IQ10467,welcome,1000,name86,boi
IQ10469,welcome,10000,name87,sbi
IQ10471,welcome,100000,name88,boi
IQ10473,welcome,1000,name89,sbi
IQ10475,welcome,10000,name90,icici
IQ10477,welcome,100000,name91,statebank
IQ10479,welcome,100,name92,yesbank
IQ10481,welcome,1000,name93,boi
IQ10483,welcome,10000,name94,sbi
IQ10485,welcome,100000,name95,boi
IQ10487,welcome,1000,name96,sbi
IQ10489,welcome,10000,name97,boi
IQ10491,welcome,100000,name98,sbi
IQ10493,welcome,100,name99,icici
IQ10495,welcome,1000,name100,statebank
IQ10497,welcome,10000,name101,yesbank
IQ10499,welcome,100000,name102,boi
IQ10501,welcome,1000,name103,sbi
IQ10503,welcome,10000,name104,boi
IQ10505,welcome,100000,name105,sbi
IQ10507,welcome,100,name106,icici
IQ10509,welcome,1000,name107,statebank
IQ10511,welcome,10000,name108,yesbank
IQ10513,welcome,100000,name109,boi
IQ10515,welcome,1000,name110,sbi
IQ10517,welcome,10000,name111,boi
IQ10519,welcome,100000,name112,sbi
IQ10521,welcome,100,name113,boi
IQ10523,welcome,1000,name114,sbi
IQ10525,welcome,10000,name115,icici
IQ10527,welcome,100000,name116,statebank
IQ10531,welcome,1000,name117,yesbank
IQ10533,welcome,10000,name118,boi
IQ10535,welcome,100000,name119,sbi
IQ10537,welcome,100,name120,boi
IQ10539,welcome,1000,name121,sbi
IQ10541,welcome,10000,name122,icici
IQ10543,welcome,100000,name123,statebank
IQ10545,welcome,1000,name124,yesbank
IQ10547,welcome,10000,name125,boi
IQ10551,welcome,100000,name126,sbi
IQ10553,welcome,100,name127,boi
IQ10555,welcome,1000,name128,sbi
IQ10557,welcome,10000,name129,boi
IQ10559,welcome,100000,name130,sbi
IQ10561,welcome,1000,name131,icici
IQ10563,welcome,10000,name132,statebank
IQ10565,welcome,100000,name133,yesbank
IQ10567,welcome,100,name134,boi
IQ10569,welcome,1000,name135,sbi
IQ10571,welcome,10000,name136,boi
IQ10573,welcome,100000,name137,sbi
IQ10575,welcome,1000,name138,icici
IQ10577,welcome,10000,name139,statebank
IQ10579,welcome,100000,name140,yesbank
IQ10581,welcome,100,name141,boi
IQ10583,welcome,1000,name142,sbi
IQ10585,welcome,10000,name143,boi
IQ10587,welcome,100000,name144,sbi
IQ10589,welcome,1000,name145,boi
IQ10591,welcome,10000,name146,sbi
IQ10593,welcome,100000,name147,icici
IQ10595,welcome,100,name148,statebank
IQ10597,welcome,1000,name149,yesbank
IQ10599,welcome,10000,name150,boi
IQ10601,welcome,100000,name151,sbi
IQ10603,welcome,1000,name152,boi
IQ10605,welcome,10000,name153,sbi
IQ10607,welcome,100000,name154,icici
IQ10609,welcome,100,name155,statebank
IQ10611,welcome,1000,name156,yesbank
IQ10613,welcome,10000,name157,boi
IQ10615,welcome,100000,name158,sbi
IQ10617,welcome,1000,name159,boi
IQ10619,welcome,10000,name160,sbi
IQ10621,welcome,100000,name161,boi
IQ10623,welcome,100,name162,sbi
IQ10625,welcome,1000,name163,icici
IQ10627,welcome,10000,name164,statebank
IQ10630,welcome,100000,name165,yesbank
IQ10632,welcome,1000,name166,boi
IQ10634,welcome,10000,name167,sbi
IQ10636,welcome,100000,name168,boi
IQ10638,welcome,100,name169,sbi
IQ10640,welcome,1000,name170,icici
IQ10642,welcome,10000,name171,statebank
IQ10644,welcome,100000,name172,yesbank
IQ10646,welcome,1000,name173,boi
IQ10648,welcome,10000,name174,sbi
IQ10650,welcome,100000,name175,boi
IQ10652,welcome,100,name176,sbi
IQ10654,welcome,1000,name177,boi
IQ10656,welcome,10000,name178,sbi
IQ10658,welcome,100000,name179,icici
IQ10660,welcome,1000,name180,statebank
IQ10662,welcome,10000,name181,yesbank
IQ10664,welcome,100000,name182,boi
IQ10668,welcome,100,name183,sbi
IQ10670,welcome,1000,name184,boi
IQ10672,welcome,10000,name185,sbi
IQ10674,welcome,100000,name186,icici
IQ10676,welcome,1000,name187,statebank
IQ10678,welcome,10000,name188,yesbank
IQ10680,welcome,100000,name189,boi
IQ10682,welcome,100,name190,sbi
IQ10684,welcome,1000,name191,boi
IQ10686,welcome,10000,name192,sbi
IQ10688,welcome,100000,name193,boi
IQ10690,welcome,1000,name194,sbi
IQ10696,welcome,10000,name195,icici
IQ10701,welcome,100000,name196,statebank
IQ10706,welcome,100,name197,yesbank
IQ10708,welcome,1000,name198,boi
IQ10710,welcome,10000,name199,sbi
IQ10712,welcome,100000,name200,boi
IQ10714,welcome,1000,name201,sbi
IQ10716,welcome,10000,name202,icici
IQ10718,welcome,100000,name203,statebank
IQ10720,welcome,100,name204,yesbank
IQ10722,welcome,1000,name205,boi
IQ10724,welcome,10000,name206,sbi
IQ10726,welcome,100000,name207,boi
IQ10728,welcome,1000,name208,sbi
IQ10730,welcome,10000,name209,boi
IQ10732,welcome,100000,name210,sbi
IQ10733,welcome,100,name211,icici
IQ10734,welcome,1000,name212,statebank
IQ10738,welcome,10000,name213,yesbank
IQ10740,welcome,100000,name214,boi
IQ10742,welcome,1000,name215,sbi
IQ10744,welcome,10000,name216,boi
IQ10746,welcome,100000,name217,sbi
IQ10748,welcome,100,name218,icici
IQ10750,welcome,1000,name219,statebank
IQ10752,welcome,10000,name220,yesbank
IQ10754,welcome,100000,name221,boi
IQ10756,welcome,1000,name222,sbi
IQ10758,welcome,10000,name223,boi
IQ10760,welcome,100000,name224,sbi
IQ10762,welcome,100,name225,boi
IQ10763,welcome,1000,name226,sbi
IQ10766,welcome,10000,name227,icici
IQ10768,welcome,100000,name228,statebank
IQ10770,welcome,1000,name229,yesbank
IQ10772,welcome,10000,name230,boi
IQ10776,welcome,100000,name231,sbi
IQ10778,welcome,100,name232,boi
IQ10780,welcome,1000,name233,sbi
IQ10782,welcome,10000,name234,icici
IQ10784,welcome,100000,name235,statebank
IQ10788,welcome,1000,name236,yesbank
IQ10790,welcome,10000,name237,boi
IQ10792,welcome,100000,name238,sbi
IQ10794,welcome,100,name239,boi
IQ10796,welcome,1000,name240,sbi
IQ10798,welcome,10000,name241,boi
IQ10800,welcome,100000,name242,sbi
IQ10802,welcome,1000,name243,icici
IQ10806,welcome,10000,name244,statebank
IQ10808,welcome,100000,name245,yesbank
IQ10810,welcome,100,name246,boi
IQ10812,welcome,1000,name247,sbi
IQ10814,welcome,10000,name248,boi
IQ10816,welcome,100000,name249,sbi
IQ10818,welcome,1000,name250,icici
IQ10820,welcome,10000,name251,statebank
IQ10822,welcome,100000,name252,yesbank
IQ10826,welcome,100,name253,boi
IQ10828,welcome,1000,name254,sbi
IQ10830,welcome,10000,name255,boi
IQ10832,welcome,100000,name256,sbi
IQ10834,welcome,1000,name257,boi
IQ10836,welcome,10000,name258,sbi
IQ10838,welcome,100000,name259,icici
IQ10840,welcome,100,name260,statebank
IQ10842,welcome,1000,name261,yesbank
IQ10844,welcome,10000,name262,boi
IQ10848,welcome,100000,name263,sbi
IQ10850,welcome,1000,name264,boi
IQ10852,welcome,10000,name265,sbi
IQ10854,welcome,100000,name266,icici
IQ10856,welcome,100,name267,statebank
IQ10858,welcome,1000,name268,yesbank
IQ10860,welcome,10000,name269,boi
IQ10861,welcome,100000,name270,sbi
IQ10864,welcome,1000,name271,boi
IQ10866,welcome,10000,name272,sbi
IQ10868,welcome,100000,name273,boi
IQ10870,welcome,100,name274,sbi
IQ10872,welcome,1000,name275,icici
IQ10874,welcome,10000,name276,statebank
IQ10876,welcome,100000,name277,yesbank
IQ10878,welcome,1000,name278,boi
IQ10880,welcome,10000,name279,sbi
IQ10882,welcome,100000,name280,boi
IQ10884,welcome,100,name281,sbi
IQ10886,welcome,1000,name282,icici
IQ10888,welcome,10000,name283,statebank
IQ10890,welcome,100000,name284,yesbank
IQ10892,welcome,1000,name285,boi
IQ10894,welcome,10000,name286,sbi
IQ10896,welcome,100000,name287,boi
IQ10898,welcome,100,name288,sbi
IQ10900,welcome,1000,name289,boi
IQ10902,welcome,10000,name290,sbi
IQ10904,welcome,100000,name291,icici
IQ10906,welcome,1000,name292,statebank
IQ10908,welcome,10000,name293,yesbank
IQ10910,welcome,100000,name294,boi
IQ10912,welcome,100,name295,sbi
IQ10918,welcome,1000,name296,boi
IQ10922,welcome,10000,name297,sbi
IQ10924,welcome,100000,name298,icici
IQ10926,welcome,1000,name299,statebank
IQ10934,welcome,10000,name300,yesbank
IQ10940,welcome,100000,name301,boi
IQ10942,welcome,100,name302,sbi
IQ10948,welcome,1000,name303,boi
IQ10950,welcome,10000,name304,sbi
IQ10956,welcome,100000,name305,boi
IQ10962,welcome,1000,name306,sbi
IQ10964,welcome,10000,name307,icici
IQ10968,welcome,100000,name308,statebank
IQ10972,welcome,100,name309,yesbank
IQ10976,welcome,1000,name310,boi
IQ10978,welcome,10000,name311,sbi
IQ10980,welcome,100000,name312,boi
IQ10985,welcome,1000,name313,sbi
IQ10992,welcome,10000,name314,icici
IQ10994,welcome,100000,name315,statebank
IQ10998,welcome,100,name316,yesbank
IQ11000,welcome,1000,name317,boi
IQ11004,welcome,10000,name318,sbi
IQ11012,welcome,100000,name319,boi
IQ11014,welcome,1000,name320,sbi
IQ11016,welcome,10000,name321,boi
IQ11018,welcome,100000,name322,sbi
IQ11024,welcome,100,name323,icici
IQ11028,welcome,1000,name324,statebank
IQ11030,welcome,10000,name325,yesbank
IQ11034,welcome,100000,name326,boi
IQ11036,welcome,1000,name327,sbi
IQ11042,welcome,10000,name328,boi
IQ11046,welcome,100000,name329,sbi
IQ11050,welcome,100,name330,icici
IQ11054,welcome,1000,name331,statebank
IQ11056,welcome,10000,name332,yesbank
IQ11059,welcome,100000,name333,boi
IQ11064,welcome,1000,name334,sbi
IQ11068,welcome,10000,name335,boi
IQ11076,welcome,100000,name336,sbi
IQ11078,welcome,100,name337,boi
IQ11082,welcome,1000,name338,sbi
IQ11088,welcome,10000,name339,icici
IQ11093,welcome,100000,name340,statebank
IQ11095,welcome,1000,name341,yesbank
IQ11097,welcome,10000,name342,boi
IQ11099,welcome,100000,name343,sbi
IQ11101,welcome,100,name344,boi
IQ11105,welcome,1000,name345,sbi
IQ11107,welcome,10000,name346,icici
IQ11109,welcome,100000,name347,statebank
IQ11110,welcome,1000,name348,yesbank
IQ11113,welcome,10000,name349,boi
IQ11117,welcome,100000,name350,sbi
IQ11123,welcome,100,name351,boi
IQ11125,welcome,1000,name352,sbi
IQ11127,welcome,10000,name353,boi
IQ11129,welcome,100000,name354,sbi
IQ11131,welcome,1000,name355,icici
IQ11133,welcome,10000,name356,statebank
IQ11137,welcome,100000,name357,yesbank
IQ11139,welcome,100,name358,boi
IQ11141,welcome,1000,name359,sbi
IQ11147,welcome,10000,name360,boi
IQ11151,welcome,100000,name361,sbi
IQ11153,welcome,1000,name362,icici
IQ11156,welcome,10000,name363,statebank
IQ11159,welcome,100000,name364,yesbank
IQ11161,welcome,100,name365,boi
IQ11163,welcome,1000,name366,sbi
IQ11165,welcome,10000,name367,boi
IQ11167,welcome,100000,name368,sbi
IQ11169,welcome,1000,name369,boi
IQ11170,welcome,10000,name370,sbi
IQ11173,welcome,100000,name371,icici
IQ11175,welcome,100,name372,statebank
IQ11177,welcome,1000,name373,yesbank
IQ11179,welcome,10000,name374,boi
IQ11181,welcome,100000,name375,sbi
IQ11183,welcome,1000,name376,boi
IQ11185,welcome,10000,name377,sbi
IQ11187,welcome,100000,name378,icici
IQ11191,welcome,100,name379,statebank
IQ11195,welcome,1000,name380,yesbank
IQ11197,welcome,10000,name381,boi
IQ11199,welcome,100000,name382,sbi
IQ11201,welcome,1000,name383,boi
IQ11203,welcome,10000,name384,sbi
IQ11205,welcome,100000,name385,boi
IQ11206,welcome,100,name386,sbi
IQ11208,welcome,1000,name387,icici
IQ11210,welcome,10000,name388,statebank
IQ11213,welcome,100000,name389,yesbank
IQ11215,welcome,1000,name390,boi
IQ11216,welcome,10000,name391,sbi
IQ11219,welcome,100000,name392,boi
IQ11221,welcome,100,name393,sbi
IQ11223,welcome,1000,name394,icici
IQ11225,welcome,10000,name395,statebank
IQ11227,welcome,100000,name396,yesbank
IQ11229,welcome,1000,name397,boi
IQ11231,welcome,10000,name398,sbi
IQ11233,welcome,100000,name399,boi
IQ11235,welcome,100,name400,sbi
IQ11237,welcome,1000,name401,boi
IQ11239,welcome,10000,name402,sbi
IQ11241,welcome,100000,name403,icici
IQ11243,welcome,1000,name404,statebank
IQ11245,welcome,10000,name405,yesbank
IQ11247,welcome,100000,name406,boi
IQ11249,welcome,100,name407,sbi
IQ11251,welcome,1000,name408,boi
IQ11253,welcome,10000,name409,sbi
IQ11255,welcome,100000,name410,icici
IQ11259,welcome,1000,name411,statebank
IQ11261,welcome,10000,name412,yesbank
IQ11264,welcome,100000,name413,boi
IQ11267,welcome,100,name414,sbi
IQ11269,welcome,1000,name415,boi
IQ11271,welcome,10000,name416,sbi
IQ11272,welcome,100000,name417,boi
IQ11275,welcome,1000,name418,sbi
IQ11277,welcome,10000,name419,icici
IQ11279,welcome,100000,name420,statebank
IQ11281,welcome,100,name421,yesbank
IQ11285,welcome,1000,name422,boi
IQ11287,welcome,10000,name423,sbi
IQ11289,welcome,100000,name424,boi
IQ11291,welcome,1000,name425,sbi
IQ11293,welcome,10000,name426,icici
IQ11295,welcome,100000,name427,statebank
IQ11297,welcome,100,name428,yesbank
IQ11299,welcome,1000,name429,boi
IQ11303,welcome,10000,name430,sbi
IQ11305,welcome,100000,name431,boi
IQ11307,welcome,1000,name432,sbi
IQ11309,welcome,10000,name433,boi
IQ11311,welcome,100000,name434,sbi
IQ11313,welcome,100,name435,icici
IQ11315,welcome,1000,name436,statebank
IQ11317,welcome,10000,name437,yesbank
IQ11319,welcome,100000,name438,boi
IQ11323,welcome,1000,name439,sbi
IQ11325,welcome,10000,name440,boi
IQ11327,welcome,100000,name441,sbi
IQ11329,welcome,100,name442,icici
IQ11331,welcome,1000,name443,statebank
IQ11333,welcome,10000,name444,yesbank
IQ11335,welcome,100000,name445,boi
IQ11337,welcome,1000,name446,sbi
IQ11339,welcome,10000,name447,boi
IQ11341,welcome,100000,name448,sbi
IQ11343,welcome,100,name449,boi
IQ11345,welcome,1000,name450,sbi
IQ11347,welcome,10000,name451,icici
IQ11349,welcome,100000,name452,statebank
IQ11351,welcome,1000,name453,yesbank
IQ11353,welcome,10000,name454,boi
IQ11355,welcome,100000,name455,sbi
IQ11357,welcome,100,name456,boi
IQ11359,welcome,1000,name457,sbi
IQ11361,welcome,10000,name458,icici
IQ11363,welcome,100000,name459,statebank
IQ11365,welcome,1000,name460,yesbank
IQ11367,welcome,10000,name461,boi
IQ11369,welcome,100000,name462,sbi
IQ11371,welcome,100,name463,boi
IQ11373,welcome,1000,name464,sbi
IQ11375,welcome,10000,name465,boi
IQ11377,welcome,100000,name466,sbi
IQ11378,welcome,1000,name467,icici
IQ11381,welcome,10000,name468,statebank
IQ11383,welcome,100000,name469,yesbank
IQ11385,welcome,100,name470,boi
IQ11387,welcome,1000,name471,sbi
IQ11389,welcome,10000,name472,boi
IQ11391,welcome,100000,name473,sbi
IQ11393,welcome,1000,name474,icici
IQ11395,welcome,10000,name475,statebank
IQ11397,welcome,100000,name476,yesbank
IQ11399,welcome,100,name477,boi
IQ11401,welcome,1000,name478,sbi
IQ11403,welcome,10000,name479,boi
IQ11405,welcome,100000,name480,sbi
IQ11407,welcome,1000,name481,boi
IQ11409,welcome,10000,name482,sbi
IQ11411,welcome,100000,name483,icici
IQ11413,welcome,100,name484,statebank
IQ11415,welcome,1000,name485,yesbank
IQ11417,welcome,10000,name486,boi
IQ11419,welcome,100000,name487,sbi
IQ11421,welcome,1000,name488,boi
IQ11423,welcome,10000,name489,sbi
IQ11425,welcome,100000,name490,icici
IQ11427,welcome,100,name491,statebank
IQ11429,welcome,1000,name492,yesbank
IQ11431,welcome,10000,name493,boi
IQ11433,welcome,100000,name494,sbi
IQ11435,welcome,1000,name495,boi
IQ11437,welcome,10000,name496,sbi
IQ11439,welcome,100000,name497,boi
IQ11441,welcome,100,name498,sbi
IQ11443,welcome,1000,name499,icici
IQ11445,welcome,10000,name500,statebank
IQ11446,welcome,100000,name501,yesbank
IQ11449,welcome,1000,name502,boi
IQ11451,welcome,10000,name503,sbi
IQ11453,welcome,100000,name504,boi
IQ11455,welcome,100,name505,sbi
IQ11456,welcome,1000,name506,icici
IQ11459,welcome,10000,name507,statebank
IQ11461,welcome,100000,name508,yesbank
IQ11463,welcome,1000,name509,boi
IQ11465,welcome,10000,name510,sbi
IQ11467,welcome,100000,name511,boi
IQ11469,welcome,100,name512,sbi
IQ11471,welcome,1000,name513,boi
IQ11473,welcome,10000,name514,sbi
IQ11475,welcome,100000,name515,icici
IQ11477,welcome,1000,name516,statebank
IQ11479,welcome,10000,name517,yesbank
IQ11481,welcome,100000,name518,boi
IQ11483,welcome,100,name519,sbi
IQ11485,welcome,1000,name520,boi
IQ11487,welcome,10000,name521,sbi
IQ11489,welcome,100000,name522,icici
IQ11491,welcome,1000,name523,statebank
IQ11493,welcome,10000,name524,yesbank
IQ11495,welcome,100000,name525,boi
IQ11497,welcome,100,name526,sbi
IQ11499,welcome,1000,name527,boi
IQ11501,welcome,10000,name528,sbi
IQ11503,welcome,100000,name529,boi
IQ11507,welcome,1000,name530,sbi
IQ11509,welcome,10000,name531,icici
IQ11511,welcome,100000,name532,statebank
IQ11513,welcome,100,name533,yesbank
IQ11515,welcome,1000,name534,boi
IQ11517,welcome,10000,name535,sbi
IQ11519,welcome,100000,name536,boi
IQ11521,welcome,1000,name537,sbi
IQ11523,welcome,10000,name538,icici
IQ11525,welcome,100000,name539,statebank
IQ11527,welcome,100,name540,yesbank
IQ11529,welcome,1000,name541,boi
IQ11531,welcome,10000,name542,sbi
IQ11533,welcome,100000,name543,boi
IQ11535,welcome,1000,name544,sbi
IQ11537,welcome,10000,name545,boi
IQ11539,welcome,100000,name546,sbi
IQ11543,welcome,100,name547,icici
IQ11545,welcome,1000,name548,statebank
IQ11547,welcome,10000,name549,yesbank
IQ11549,welcome,100000,name550,boi
IQ11551,welcome,1000,name551,sbi
IQ11553,welcome,10000,name552,boi
IQ11555,welcome,100000,name553,sbi
IQ11559,welcome,100,name554,icici
IQ11561,welcome,1000,name555,statebank
IQ11563,welcome,10000,name556,yesbank
IQ11565,welcome,100000,name557,boi
IQ11567,welcome,1000,name558,sbi
IQ11569,welcome,10000,name559,boi
IQ11571,welcome,100000,name560,sbi
IQ11575,welcome,100,name561,boi
IQ11579,welcome,1000,name562,sbi
IQ11583,welcome,10000,name563,icici
IQ11585,welcome,100000,name564,statebank
IQ11600,welcome,1000,name565,yesbank
IQ11602,welcome,10000,name566,boi
IQ11604,welcome,100000,name567,sbi
IQ11606,welcome,100,name568,boi
IQ11618,welcome,1000,name569,sbi
IQ11622,welcome,10000,name570,icici
IQ11630,welcome,100000,name571,statebank
IQ11636,welcome,1000,name572,yesbank
IQ11642,welcome,10000,name573,boi
IQ11650,welcome,100000,name574,sbi
IQ11654,welcome,100,name575,boi
IQ11656,welcome,1000,name576,sbi
IQ11658,welcome,10000,name577,boi
IQ11660,welcome,100000,name578,sbi
IQ11664,welcome,1000,name579,icici
IQ11670,welcome,10000,name580,statebank
IQ11673,welcome,100000,name581,yesbank
IQ11680,welcome,100,name582,boi
IQ11683,welcome,1000,name583,sbi
IQ11691,welcome,10000,name584,boi
IQ11695,welcome,100000,name585,sbi
IQ11697,welcome,1000,name586,icici
IQ11700,welcome,10000,name587,statebank
IQ11702,welcome,100000,name588,yesbank
IQ11706,welcome,100,name589,boi
IQ11712,welcome,1000,name590,sbi
IQ11714,welcome,10000,name591,boi
IQ11718,welcome,100000,name592,sbi
IQ11728,welcome,1000,name593,boi
IQ11746,welcome,10000,name594,sbi
IQ11748,welcome,100000,name595,icici
IQ11750,welcome,100,name596,statebank
IQ11752,welcome,1000,name597,yesbank
IQ11754,welcome,10000,name598,boi
IQ11758,welcome,100000,name599,sbi
IQ11760,welcome,1000,name600,boi
IQ11766,welcome,10000,name601,sbi
IQ11774,welcome,100000,name602,icici
IQ11776,welcome,100,name603,statebank
IQ11778,welcome,1000,name604,yesbank
IQ11780,welcome,10000,name605,boi
IQ11782,welcome,100000,name606,sbi
IQ11784,welcome,1000,name607,boi
IQ11790,welcome,10000,name608,sbi
IQ11794,welcome,100000,name609,boi
IQ11798,welcome,100,name610,sbi
IQ11800,welcome,1000,name611,icici
IQ11806,welcome,10000,name612,statebank
IQ11808,welcome,100000,name613,yesbank
IQ11822,welcome,1000,name614,boi
IQ11826,welcome,10000,name615,sbi
IQ11828,welcome,100000,name616,boi
IQ11830,welcome,100,name617,sbi
IQ11833,welcome,1000,name618,icici
IQ11838,welcome,10000,name619,statebank
IQ11840,welcome,100000,name620,yesbank
IQ11857,welcome,1000,name621,boi
IQ11876,welcome,10000,name622,sbi
IQ11904,welcome,100000,name623,boi
IQ11908,welcome,100,name624,sbi
IQ11926,welcome,1000,name625,boi
IQ11932,welcome,10000,name626,sbi
IQ11980,welcome,100000,name627,icici
IQ12017,welcome,1000,name628,statebank
IQ12033,welcome,10000,name629,yesbank
IQ12035,welcome,100000,name630,boi
IQ12071,welcome,100,name631,sbi
IQ12099,welcome,1000,name632,boi
IQ12124,welcome,10000,name633,sbi
IQ12127,welcome,100000,name634,icici
IQ12161,welcome,1000,name635,statebank
IQ12177,welcome,10000,name636,yesbank
IQ12306,welcome,100000,name637,boi
IQ12342,welcome,100,name638,sbi
IQ12362,welcome,1000,name639,boi
IQ12510,welcome,10000,name640,sbi
IQ12606,welcome,100000,name641,boi
IQ12814,welcome,1000,name642,sbi
IQ12972,welcome,10000,name643,icici
IQ12973,welcome,100000,name644,statebank
IQ12975,welcome,100,name645,yesbank
IQ12977,welcome,1000,name646,boi
IQ12978,welcome,10000,name647,sbi
IQ12979,welcome,100000,name648,boi
IQ12982,welcome,1000,name649,sbi
IQ12983,welcome,10000,name650,icici
IQ12986,welcome,100000,name651,statebank
IQ12988,welcome,100,name652,yesbank
IQ12990,welcome,1000,name653,boi
IQ12992,welcome,10000,name654,sbi
IQ12996,welcome,100000,name655,boi
IQ12998,welcome,1000,name656,sbi
IQ13000,welcome,10000,name657,boi
IQ13002,welcome,100000,name658,sbi
IQ13004,welcome,100,name659,icici
IQ13007,welcome,1000,name660,statebank
IQ13009,welcome,10000,name661,yesbank
IQ13015,welcome,100000,name662,boi
IQ13017,welcome,1000,name663,sbi
IQ13021,welcome,10000,name664,boi
IQ13023,welcome,100000,name665,sbi
IQ13024,welcome,100,name666,icici
IQ13028,welcome,1000,name667,statebank
IQ13029,welcome,10000,name668,yesbank
IQ13031,welcome,100000,name669,boi
IQ13033,welcome,1000,name670,sbi
IQ13035,welcome,10000,name671,boi
IQ13039,welcome,100000,name672,sbi
IQ13040,welcome,100,name673,boi
IQ13041,welcome,1000,name674,sbi
IQ13048,welcome,10000,name675,icici
IQ13049,welcome,100000,name676,statebank
IQ13050,welcome,1000,name677,yesbank
IQ13052,welcome,10000,name678,boi
IQ13054,welcome,100000,name679,sbi
IQ13055,welcome,100,name680,boi
IQ13060,welcome,1000,name681,sbi
IQ13063,welcome,10000,name682,icici
IQ13064,welcome,100000,name683,statebank
IQ13067,welcome,1000,name684,yesbank
IQ13068,welcome,10000,name685,boi
IQ13069,welcome,100000,name686,sbi
IQ13070,welcome,100,name687,boi
IQ13073,welcome,1000,name688,sbi
IQ13078,welcome,10000,name689,boi
IQ13079,welcome,100000,name690,sbi
IQ13080,welcome,1000,name691,icici
IQ13082,welcome,10000,name692,statebank
IQ13087,welcome,100000,name693,yesbank
IQ13088,welcome,100,name694,boi
IQ13089,welcome,1000,name695,sbi
IQ13092,welcome,10000,name696,boi
IQ13093,welcome,100000,name697,sbi
IQ13096,welcome,1000,name698,icici
IQ13099,welcome,10000,name699,statebank
IQ13100,welcome,100000,name700,yesbank
IQ13102,welcome,100,name701,boi
IQ13103,welcome,1000,name702,sbi
IQ13104,welcome,10000,name703,boi
IQ13106,welcome,100000,name704,sbi
IQ13109,welcome,1000,name705,boi
IQ13111,welcome,10000,name706,sbi
IQ13113,welcome,100000,name707,icici
IQ13117,welcome,100,name708,statebank
IQ13119,welcome,1000,name709,yesbank
IQ13121,welcome,10000,name710,boi
IQ13124,welcome,100000,name711,sbi
IQ13126,welcome,1000,name712,boi
IQ13128,welcome,10000,name713,sbi
IQ13130,welcome,100000,name714,icici
IQ13133,welcome,100,name715,statebank
IQ13138,welcome,1000,name716,yesbank
IQ13140,welcome,10000,name717,boi
IQ13141,welcome,100000,name718,sbi
IQ13150,welcome,1000,name719,boi
IQ13152,welcome,10000,name720,sbi
IQ13155,welcome,100000,name721,boi
IQ13157,welcome,100,name722,sbi
IQ13158,welcome,1000,name723,icici
IQ13165,welcome,10000,name724,statebank
IQ13166,welcome,100000,name725,yesbank
IQ13167,welcome,1000,name726,boi
IQ13168,welcome,10000,name727,sbi
IQ13170,welcome,100000,name728,boi
IQ13175,welcome,100,name729,sbi
IQ13176,welcome,1000,name730,icici
IQ13177,welcome,10000,name731,statebank
IQ13182,welcome,100000,name732,yesbank
IQ13183,welcome,1000,name733,boi
IQ13185,welcome,10000,name734,sbi
IQ13191,welcome,100000,name735,boi
IQ13192,welcome,100,name736,sbi
IQ13195,welcome,1000,name737,boi
IQ13196,welcome,10000,name738,sbi
IQ13202,welcome,100000,name739,icici
IQ13208,welcome,1000,name740,statebank
IQ13210,welcome,10000,name741,yesbank
IQ13214,welcome,100000,name742,boi
IQ13228,welcome,100,name743,sbi
IQ13230,welcome,1000,name744,boi
IQ13231,welcome,10000,name745,sbi
IQ13235,welcome,100000,name746,icici
IQ13237,welcome,1000,name747,statebank
IQ13239,welcome,10000,name748,yesbank
IQ13240,welcome,100000,name749,boi
IQ13246,welcome,100,name750,sbi
IQ13249,welcome,1000,name751,boi
IQ13261,welcome,10000,name752,sbi
IQ13263,welcome,100000,name753,boi
IQ13266,welcome,1000,name754,sbi
IQ13269,welcome,10000,name755,icici
IQ13278,welcome,100000,name756,statebank
IQ13282,welcome,100,name757,yesbank
IQ13283,welcome,1000,name758,boi
IQ13293,welcome,10000,name759,sbi
IQ13294,welcome,100000,name760,boi
IQ13300,welcome,1000,name761,sbi
IQ13301,welcome,10000,name762,icici
IQ13305,welcome,100000,name763,statebank
IQ13310,welcome,100,name764,yesbank
IQ13312,welcome,1000,name765,boi
IQ13317,welcome,10000,name766,sbi
IQ13321,welcome,100000,name767,boi
IQ13324,welcome,1000,name768,sbi
IQ13326,welcome,10000,name769,boi
IQ13328,welcome,100000,name770,sbi
IQ13331,welcome,100,name771,icici
IQ13333,welcome,1000,name772,statebank
IQ13336,welcome,10000,name773,yesbank
IQ13339,welcome,100000,name774,boi
IQ13343,welcome,1000,name775,sbi
IQ13345,welcome,10000,name776,boi
IQ13348,welcome,100000,name777,sbi
IQ13360,welcome,100,name778,icici
IQ13363,welcome,1000,name779,statebank
IQ13366,welcome,10000,name780,yesbank
IQ13381,welcome,100000,name781,boi
IQ13385,welcome,1000,name782,sbi
IQ13392,welcome,10000,name783,boi
IQ13394,welcome,100000,name784,sbi
IQ13406,welcome,100,name785,boi
IQ13418,welcome,1000,name786,sbi
IQ13419,welcome,10000,name787,icici
IQ13433,welcome,100000,name788,statebank
IQ13436,welcome,1000,name789,yesbank
IQ13442,welcome,10000,name790,boi
IQ13443,welcome,100000,name791,sbi
IQ13446,welcome,100,name792,boi
IQ13449,welcome,1000,name793,sbi
IQ13452,welcome,10000,name794,icici
IQ13458,welcome,100000,name795,statebank
IQ13459,welcome,1000,name796,yesbank
IQ13468,welcome,10000,name797,boi
IQ13470,welcome,100000,name798,sbi
IQ13472,welcome,100,name799,boi
IQ13473,welcome,1000,name800,sbi
IQ13475,welcome,10000,name801,boi
IQ13480,welcome,100000,name802,sbi
IQ13481,welcome,1000,name803,icici
IQ13482,welcome,10000,name804,statebank
IQ13484,welcome,100000,name805,yesbank
IQ13485,welcome,100,name806,boi
IQ13501,welcome,1000,name807,sbi
IQ13502,welcome,10000,name808,boi
IQ13505,welcome,100000,name809,sbi
IQ13506,welcome,1000,name810,icici
IQ13508,welcome,10000,name811,statebank
IQ13521,welcome,100000,name812,yesbank
IQ13526,welcome,100,name813,boi
IQ13536,welcome,1000,name814,sbi
IQ13537,welcome,10000,name815,boi
IQ13550,welcome,100000,name816,sbi
IQ13552,welcome,1000,name817,boi
IQ13556,welcome,10000,name818,sbi
IQ13557,welcome,100000,name819,icici
IQ13559,welcome,100,name820,statebank
IQ13566,welcome,1000,name821,yesbank
IQ13568,welcome,10000,name822,boi
IQ13591,welcome,100000,name823,sbi
IQ13597,welcome,1000,name824,boi
IQ13621,welcome,10000,name825,sbi
IQ13652,welcome,100000,name826,icici
IQ13654,welcome,100,name827,statebank
IQ13667,welcome,1000,name828,yesbank
IQ13671,welcome,10000,name829,boi
IQ13674,welcome,100000,name830,sbi
IQ13682,welcome,1000,name831,boi
IQ13686,welcome,10000,name832,sbi
IQ13689,welcome,100000,name833,boi
IQ13693,welcome,100,name834,sbi
IQ13700,welcome,1000,name835,icici
IQ13711,welcome,10000,name836,statebank
IQ13720,welcome,100000,name837,yesbank
IQ13731,welcome,1000,name838,boi
IQ13779,welcome,10000,name839,sbi
IQ13935,welcome,100000,name840,boi
IQ13937,welcome,100,name841,sbi
IQ13939,welcome,1000,name842,icici
IQ13941,welcome,10000,name843,statebank
IQ13943,welcome,100000,name844,yesbank
IQ13945,welcome,1000,name845,boi
IQ13948,welcome,10000,name846,sbi
IQ13950,welcome,100000,name847,boi
IQ13951,welcome,100,name848,sbi
IQ13953,welcome,1000,name849,boi
IQ13955,welcome,10000,name850,sbi
IQ13956,welcome,100000,name851,icici
IQ13958,welcome,1000,name852,statebank
IQ13960,welcome,10000,name853,yesbank
IQ13961,welcome,100000,name854,boi
IQ13964,welcome,100,name855,sbi
IQ13966,welcome,1000,name856,boi
IQ13969,welcome,10000,name857,sbi
IQ13971,welcome,100000,name858,icici
IQ13973,welcome,1000,name859,statebank
IQ13974,welcome,10000,name860,yesbank
IQ13976,welcome,100000,name861,boi
IQ13978,welcome,100,name862,sbi
IQ13979,welcome,1000,name863,boi
IQ13980,welcome,10000,name864,sbi
IQ13981,welcome,100000,name865,boi
IQ13984,welcome,1000,name866,sbi
IQ13985,welcome,10000,name867,icici
IQ13989,welcome,100000,name868,statebank
IQ13990,welcome,100,name869,yesbank
IQ13992,welcome,1000,name870,boi
IQ13994,welcome,10000,name871,sbi
IQ13998,welcome,100000,name872,boi
IQ13999,welcome,1000,name873,sbi
IQ14002,welcome,10000,name874,icici
IQ14004,welcome,100000,name875,statebank
IQ14005,welcome,100,name876,yesbank
IQ14008,welcome,1000,name877,boi
IQ14010,welcome,10000,name878,sbi
IQ14011,welcome,100000,name879,boi
IQ14012,welcome,1000,name880,sbi
IQ14013,welcome,10000,name881,boi
IQ14018,welcome,100000,name882,sbi
IQ14020,welcome,100,name883,icici
IQ14024,welcome,1000,name884,statebank
IQ14025,welcome,10000,name885,yesbank
IQ14030,welcome,100000,name886,boi
IQ14031,welcome,1000,name887,sbi
IQ14032,welcome,10000,name888,boi
IQ14034,welcome,100000,name889,sbi
IQ14035,welcome,100,name890,icici
,welcome,1000,name891,statebank
,welcome,10000,name892,yesbank
,welcome,100000,name893,boi
,welcome,1000,name894,sbi
,welcome,10000,name895,boi
,welcome,100000,name896,sbi
,welcome,100,name897,boi
,welcome,1000,name898,sbi
,welcome,10000,name899,icici
,welcome,100000,name900,statebank
,welcome,1000,name901,yesbank
,welcome,10000,name902,boi
,welcome,100000,name903,sbi
,welcome,100,name904,boi
,welcome,1000,name905,sbi
,welcome,10000,name906,icici
,welcome,100000,name907,statebank
,welcome,1000,name908,yesbank
,welcome,10000,name909,boi
,welcome,100000,name910,sbi
,welcome,100,name911,boi
,welcome,1000,name912,sbi
,welcome,10000,name913,boi
,welcome,100000,name914,sbi
,welcome,1000,name915,icici
,welcome,10000,name916,statebank
,welcome,100000,name917,yesbank
,welcome,100,name918,boi
,welcome,1000,name919,sbi
,welcome,10000,name920,boi
,welcome,100000,name921,sbi
,welcome,1000,name922,icici
,welcome,10000,name923,statebank
,welcome,100000,name924,yesbank
,welcome,100,name925,boi
,welcome,1000,name926,sbi
,welcome,10000,name927,boi
,welcome,100000,name928,sbi
,welcome,1000,name929,boi
,welcome,10000,name930,sbi
,welcome,100000,name931,icici
,welcome,100,name932,statebank
,welcome,1000,name933,yesbank
,welcome,10000,name934,boi
,welcome,100000,name935,sbi
,welcome,1000,name936,boi
,welcome,10000,name937,sbi
,welcome,100000,name938,icici
,welcome,100,name939,statebank
,welcome,1000,name940,yesbank
,welcome,10000,name941,boi
,welcome,100000,name942,sbi
,welcome,1000,name943,boi
,welcome,10000,name944,sbi
,welcome,100000,name945,boi
,welcome,100,name946,sbi
,welcome,1000,name947,icici
,welcome,10000,name948,statebank
,welcome,100000,name949,yesbank
,welcome,1000,name950,boi
,welcome,10000,name951,sbi
,welcome,100000,name952,boi
,welcome,100,name953,sbi
,welcome,1000,name954,icici
,welcome,10000,name955,statebank
,welcome,100000,name956,yesbank
,welcome,1000,name957,boi
,welcome,10000,name958,sbi
,welcome,100000,name959,boi
,welcome,100,name960,sbi
,welcome,1000,name961,boi
,welcome,10000,name962,sbi
,welcome,100000,name963,icici
,welcome,1000,name964,statebank
,welcome,10000,name965,yesbank
,welcome,100000,name966,boi
,welcome,100,name967,sbi
,welcome,1000,name968,boi
,welcome,10000,name969,sbi
,welcome,100000,name970,icici
,welcome,1000,name971,statebank
,welcome,10000,name972,yesbank
,welcome,100000,name973,boi
,welcome,100,name974,sbi
,welcome,1000,name975,boi
,welcome,10000,name976,sbi
,welcome,100000,name977,boi
,welcome,1000,name978,sbi
,welcome,10000,name979,icici
,welcome,100000,name980,statebank
,welcome,100,name981,yesbank
,welcome,1000,name982,boi
,welcome,10000,name983,sbi
,welcome,100000,name984,boi
,welcome,1000,name985,sbi
,welcome,10000,name986,icici
,welcome,100000,name987,statebank
,welcome,100,name988,yesbank
,welcome,1000,name989,boi
,welcome,10000,name990,sbi
,welcome,100000,name991,boi
,welcome,1000,name992,sbi
,welcome,10000,name993,boi
,welcome,100000,name994,sbi
,welcome,100,name995,icici
